month,sales_region,units_sold,net_revenue_usd
2025-01,North,1216,51083.93
2025-02,North,1206,50686.26
2025-03,North,1282,53845.83
2025-04,North,1221,51284.95
2025-05,North,1292,54305.57
2025-06,North,1283,53918.48
2025-07,North,1256,52759.24
2025-08,North,1328,55792.49
2025-09,North,1278,53704.25
2025-10,North,1345,56494.27
2025-11,North,1308,54969.58
2025-12,North,1324,55640.29
2025-01,South,968,40690.53
2025-02,South,1043,43822.0
2025-03,South,1006,42267.95
2025-04,South,1052,44199.35
2025-05,South,1134,47648.0
2025-06,South,1211,50875.26
2025-07,South,1209,50788.06
2025-08,South,1229,51624.5
2025-09,South,1346,56560.43
2025-10,South,1270,53345.15
2025-11,South,1426,59907.74
2025-12,South,1395,58599.39
2025-01,East,1377,57865.53
2025-02,East,1368,57475.93
2025-03,East,1390,58381.03
2025-04,East,1456,61156.96
2025-05,East,1360,57160.57
2025-06,East,1411,59289.45
2025-07,East,1413,59388.0
2025-08,East,1371,57595.59
2025-09,East,1390,58384.09
2025-10,East,1317,55343.91
2025-11,East,1312,55104.16
2025-12,East,1326,55724.02
2025-01,West,921,38685.52
2025-02,West,944,39686.54
2025-03,West,982,41273.15
2025-04,West,1062,44620.14
2025-05,West,1102,46324.27
2025-06,West,1142,47981.97
2025-07,West,1262,53024.7
2025-08,West,1315,55265.12
2025-09,West,1322,55545.78
2025-10,West,1438,60415.1
2025-11,West,1505,63246.12
2025-12,West,1639,68857.4
